User1,https://github.com/ygd-project/a
User2,https://github.com/ygd-project/a
User2,https://github.com/ygd-project/b
User3,https://github.com/ygd-project/b
User3,https://github.com/ygd-project/y
User3,https://github.com/ygd-project/z
User4,https://github.com/ygd-project/b
User5,https://github.com/ygd-project/b
User5,https://github.com/ygd-project/e
User5,https://github.com/ygd-project/x
User6,https://github.com/ygd-project/a
User6,https://github.com/ygd-project/b
User6,https://github.com/ygd-project/d
User7,https://github.com/ygd-project/b
User7,https://github.com/ygd-project/c
User7,https://github.com/ygd-project/d
